gender,age,category,platform,product_name,image_link,currency_symbol,price,delivery_tagline,delivery_days,average_rating,buy_link,ratings_total,product_id,last_updated_on,brands,categories,characters,tags,age_ai,genders_ai
"boy,girl",1,toys,amazon-in,DITTY BIRD Wild Animals Sound Book for Babies | Animal Book for Toddlers 1-3 | Interactive Learning Toy | Books with Sound | 1 Year Old Girl Boy,https://m.media-amazon.com/images/I/71lX-LZQi-S._AC_UL400_.jpg,₹,1330,"Get it by Today, 23 May",0,4.6,https://www.amazon.in/DITTY-SAFARI-ANIMAL-SOUNDS-MUSICAL/dp/0648268535/ref=sr_1_58?keywords=toys+1+year+boy&qid=1684813155&sr=8-58,140,A-0648268535,1684819005957,ditty bird,"sound books, learning toys, books with sound",none,"wild animals, animal book, interactive learning toy, books with sound, 1 year old girl, 1 year old boy",1 year old,"girl,boy"
"boy,girl",1,toys,amazon-in,DITTY BIRD Baby Sound Book: our Interactive First Birthday book for babies is the perfect toys for 1 year old boy and 1 year old girl gifts. Educational musical book for toddler 1-3,https://m.media-amazon.com/images/I/71P6YTYn3YL._AC_UL400_.jpg,₹,1330,"Get it by Today, 23 May",0,4.7,https://www.amazon.in/DITTY-BIRD-Baby-Sound-Book/dp/0648268551/ref=sr_1_30?keywords=toys+1+year+boy&qid=1684780548&sr=8-30,274,A-0648268551,1684818959216,ditty bird,"baby sound books, interactive books, birthday books",none,"baby sound book, interactive first birthday book, books for babies, perfect toy, 1 year old boy, 1 year old girl gifts, educational musical book, toddler 1-3",1 year old,"girl,boy"
"boy,girl","1,2",toys,amazon-in,DITTY BIRD Baby Sound Book: Our Action Songs Musical Book for Babies is The Perfect Toys for 1 Year Old Boy and 1 Year Old Girl Gifts. Interactive Education Music Toy for Toddlers 1-3,https://m.media-amazon.com/images/I/81AxnMkT9fS._AC_UL400_.jpg,₹,1330,"Get it by Today, 23 May",0,4.7,https://www.amazon.in/DITTY-BIRD-Baby-Sound-Book/dp/0648268586/ref=sr_1_24?keywords=toys+1+year+boy&qid=1684780548&sr=8-24,413,A-0648268586,1684819761641,ditty bird,"toys, baby sound book",,"baby songs, musical book, baby gifts, educational music toy, toddlers",1 year old,"boys,girls"
"boy,girl","2,3",toys,amazon-in,DITTY BIRD Educational Interactive Dinosaur Sounds and Musical Rhyme Book for Babies. Dinosaur Toys for 2 Year olds. Dino Learning Sounds Book for Toddlers. 1 2 3 Year Old Boy Girl Gifts,https://m.media-amazon.com/images/I/81F24FhIAdL._AC_UL320_.jpg,₹,1330,"Get it by Today, 23 May",0,4.6,https://www.amazon.in/DITTY-BIRD-Educational-Interactive-Toddlers/dp/0648268594/ref=sr_1_278?keywords=toys+2+year+boy&qid=1684813883&sr=8-278,164,A-0648268594,1684820241078,ditty bird,"toys,dinosaur sounds,musical rhyme book",dinosaur,"dinosaur toys, learning sounds book, toddlers",2 years old,"boys,girls"
"boy,girl",1,toys,amazon-in,DITTY BIRD Baby Sound Book: Our Animal Songs Musical Book is The Perfect Toys for 1 Year Old boy and 1 Year old Girl Gifts. Educational Music Toys for Toddlers 1-3,https://m.media-amazon.com/images/I/81nKX0F5iqS._AC_UL400_.jpg,₹,1330,"Get it by Today, 23 May",0,4.6,https://www.amazon.in/DITTY-BIRD-Baby-Sound-Book/dp/0648692736/ref=sr_1_49?keywords=toys+1+year+boy&qid=1684813155&sr=8-49,280,A-0648692736,1684818984166,ditty bird,"toys,animal songs,musical book",,"animals songs book, baby gifts, educational music toys, toddlers",1 year old,"boys,girls"
"boy,girl",1,toys,amazon-in,DITTY BIRD Baby Sound Book: Our Funny Songs Musical Book is The Perfect Toys for 1 Year Old boy and 1 Year Old Girl Gifts. Educational Music Toys for Toddlers 1-3,https://m.media-amazon.com/images/I/717NEsQxpuL._AC_UL400_.jpg,₹,1330,"Get it by Today, 23 May",0,4.6,https://www.amazon.in/DITTY-BIRD-Baby-Sound-Book/dp/0648692744/ref=sr_1_55?keywords=toys+1+year+boy&qid=1684813155&sr=8-55,166,A-0648692744,1684819002228,ditty bird,"toys,funny songs,musical book",,"funny songs book, baby gifts, educational music toys, toddlers",1 year old,"boys,girls"
"boy,girl","2,3",toys,amazon-in,Rainbow Toy Cars 1000 Piece Puzzle,https://m.media-amazon.com/images/I/91VrmZ0dZ3L._AC_UL400_.jpg,₹,1140,"Get it Thursday, 8 June - Monday, 12 June",20,4.8,https://www.amazon.in/Rainbow-Cars-1000-Piece-Puzzle/dp/0735360154/ref=sr_1_64?keywords=toys+2+year+boy&qid=1684813859&sr=8-64,297,A-0735360154,1684820115919,,"puzzle,toy cars",,"1000 piece puzzle, rainbow toy cars",,
"boy,girl","1,2,3",toys,amazon-in,DITTY BIRD Baby Sound Book: Our Children's Songs Musical Book is The Perfect Toys for 1 Year Old boy and 1 Year Old Girl Gifts. Educational Music Toys for Toddlers 1-3.,https://m.media-amazon.com/images/I/71APAIloeKL._AC_UL400_.jpg,₹,1330,"Get it by Today, 23 May",0,4.6,https://www.amazon.in/DITTY-BIRD-Baby-Sound-Book/dp/0994606710/ref=sr_1_40?keywords=toys+1+year+boy&qid=1684813150&sr=8-40,2457,A-0994606710,1684820196640,ditty bird,"toys,children's songs,musical book",,"children's songs book, baby gifts, educational music toys, toddlers",1 year old,"boys,girls"
"boy,girl",1,toys,amazon-in,DITTY BIRD Learning Songs | Nursery Rhymes for Babies | Sound Books for Toddlers 1-3 and 2-4 | ABC Song | Interactive Musical Toys for Baby,https://m.media-amazon.com/images/I/71p802pqwvL._AC_UL400_.jpg,₹,1330,"Get it by Today, 23 May",0,4.6,https://www.amazon.in/DITTY-BIRD-Baby-Sound-Book/dp/0994606796/ref=sr_1_44?keywords=toys+1+year+boy&qid=1684813150&sr=8-44,1249,A-0994606796,1684818974858,ditty bird,"toys,nursery rhymes,sound books",,"nursery rhymes, sound books, abc song, interactive musical toys","1-3,2-4",
boy,2,toys,amazon-in,Melissa & Doug Classic ABC Wooden Block Cart (Educational Toy With 30 Solid Wood Blocks),https://m.media-amazon.com/images/I/81YfEPIFKTL._AC_UL400_.jpg,₹,4533,"Get it Tuesday, 13 June - Wednesday, 14 June",22,4.6,https://www.amazon.in/Melissa-Doug-1169-Classic-Block/dp/1223080412/ref=sr_1_184?keywords=toys+2+year+boy&qid=1684813873&sr=8-184,4964,A-1223080412,1684814086367,melissa & doug,educational toy,,"wooden block,solid wood blocks,abc",all ages,
boy,"8,7",toys,amazon,Melissa & Doug Play Money Set - Educational Toy With Paper Bills and Plastic Coins (50 of each denomination) and Wooden Cash Drawer for Storage,https://m.media-amazon.com/images/I/81oDPM9ACxL._AC_UL320_.jpg,$,27.99,Check Retailer site for delivery info,-1,4.8,https://www.amazon.com/Melissa-Doug-Play-Money-Set/dp/1223080439/ref=sr_1_284?keywords=toys+8+year+boy&qid=1675077220&sr=8-284,4427,A-1223080439,1681898802246,melissa & doug,educational toy,,"plastic coins,paper bills,cash drawer,storage",all ages,
girl,10,toys,amazon,"GUND Pusheen Plush Stuffed Animal Cat, Gray, 12""",https://m.media-amazon.com/images/I/61ligyZbKaL._AC_UL320_.jpg,$,21.45,Check Retailer site for delivery info,-1,4.8,https://www.amazon.com/GUND-Pusheen-Stuffed-Animal-Plush/dp/122310477X/ref=sr_1_282?keywords=toys+10+year+girl&qid=1674806456&sr=8-282,2173,A-122310477X,1684414098570,GUND,"plush toys, stuffed animals",Pusheen,"gray, 12in",,
"boy,girl","10,9,7",toys,amazon,"GUND Pusheen Pusheenicorn, Premium Plush Unicorn Cat Stuffed Animal, Rainbow, 13""",https://m.media-amazon.com/images/I/61YHapOlLiL._AC_UL320_.jpg,$,21.21,Check Retailer site for delivery info,-1,4.8,https://www.amazon.com/GUND-Pusheenicorn-Unicorn-Stuffed-Animal/dp/122310480X/ref=sr_1_225?keywords=toys+10+year+boy&qid=1674805078&sr=8-225,3793,A-122310480X,1681901520729,GUND,"plush toys, stuffed animals, unicorns","Pusheen, Pusheenicorn","rainbow, 13in",,
girl,10,toys,amazon,"GUND Pusheen Snackables Cookie Plush Stuffed Animal Cat, 9.5""",https://m.media-amazon.com/images/I/81DxaNJSG5L._AC_UL320_.jpg,$,24.99,Check Retailer site for delivery info,-1,4.8,https://www.amazon.com/GUND-Pusheen-Snackable-Cookie-Stuffed/dp/1223104834/ref=sr_1_269?keywords=toys+10+year+girl&qid=1674806456&sr=8-269,2374,A-1223104834,1684414089287,GUND,"plush toys, stuffed animals",Pusheen,"cookie, 9.5in",,
"boy,girl",2,toys,amazon-in,We're Going on a Bear Hunt Book and Toy Gift Set,https://m.media-amazon.com/images/I/81VjHWlnckL._AC_UL400_.jpg,₹,1169,"Get it by Saturday, 27 May",4,4.7,https://www.amazon.in/Were-Going-Bear-Hunt-Book/dp/1529507766/ref=sr_1_111?keywords=toys+2+year+boy&qid=1684813866&sr=8-111,1315,A-1529507766,1684819716903,,"books, toys",Bear,on a bear hunt,,
boy,8,toys,amazon,"MerryMakers Dog Man Soft Plush Toy, 9.5-Inch, from Dav Pilkey's Dog Man Graphic Novel Book Series",https://m.media-amazon.com/images/I/81eVNt5qsxL._AC_UL320_.jpg,$,16.94,Check Retailer site for delivery info,-1,4.8,https://www.amazon.com/MerryMakers-Dog-Man-Plush-9-5-Inch/dp/1579824005/ref=sr_1_186?keywords=toys+8+year+boy&qid=1681898718&sr=8-186,5238,A-1579824005,1681898797392,MerryMakers,"plush toys, stuffed animals, books, graphic novel",Dog Man,"Dav Pilkey, 9.5in",,
"boy,girl","3,5,6",toys,amazon,"MerryMakers Pete The Cat Pizza Party Soft Plush Blue Cat Stuffed Animal Toy, 14.5-Inch, from James Dean's Pete The Cat Book Series, Multi (1868)",https://m.media-amazon.com/images/I/51xCZuwD52L._AC_UL320_.jpg,$,20,Check Retailer site for delivery info,-1,4.9,https://www.amazon.com/MerryMakers-Pete-Pizza-Party-14-5-Inch/dp/157982451X/ref=sr_1_176?keywords=toys+3+year+boy&qid=1674804457&sr=8-176,608,A-157982451X,1684410309999,MerryMakers,"plush toys, stuffed animals, books, graphic novel",Pete The Cat,"James Dean, 14.5in",,
boy,"6,7",toys,amazon,"MerryMakers Dog Man Bark Knight Plush Toy, 9-Inch, from Dav Pilkey's Dog Man Book Series",https://m.media-amazon.com/images/I/81Son3kAn1L._AC_UL320_.jpg,$,15.94,Check Retailer site for delivery info,-1,4.8,https://www.amazon.com/MerryMakers-Bark-Knight-Doll-9-Inch/dp/1579824544/ref=sr_1_281?keywords=toys+6+year+boy&qid=1680774232&sr=8-281,5219,A-1579824544,1681898664705,"merrymakers,dav pilkey","plush toys,children's books","dog man,bark knight","plush toy,dog man series,9 inch,children's books","toddler,kids",unisex
boy,"4,3",toys,amazon,"MerryMakers Tiny T. Rex Plush Toy Dinosaur, 8.5-Inch, Based on The Children's Books from Jonathan Stutzman,Green",https://m.media-amazon.com/images/I/71LIRQt7biL._AC_UL320_.jpg,$,20,Check Retailer site for delivery info,-1,4.9,https://www.amazon.com/MerryMakers-Dinosaur-8-5-Inch-Childrens-Jonathan/dp/157982479X/ref=sr_1_239?keywords=toys+4+year+boy&qid=1674804544&sr=8-239,112,A-157982479X,1684409907296,merrymakers,"plush toys,children's books",tiny t. rex,"plush toy,dinosaur,8.5 inch,children's books,jonathan stutzman","toddler,kids",unisex
boy,"6,2",toys,amazon,"MerryMakers The Smart Cookie Plush Toy, 10-Inch, Based on The bestselling Food Group Book Series by Jory John and Pete Oswald",https://m.media-amazon.com/images/I/51MtP8stMHL._AC_UL320_.jpg,$,18,Check Retailer site for delivery info,-1,5,https://www.amazon.com/MerryMakers-Cookie-10-Inch-bestselling-Oswald/dp/1579824900/ref=sr_1_109?keywords=toys+6+year+boy&qid=1675076800&sr=8-109,70,A-1579824900,1681898307187,merrymakers,plush toy,"smart cookie, jory john, pete oswald",food group book series,10-inch,
boy,"1,2,4",toys,amazon-in,"Ask and Answer ""WH"" Questions Five Card Decks Combo - Super Duper Educational Learning Toy for Kids",https://m.media-amazon.com/images/I/9164cXahyPL._AC_UL400_.jpg,₹,14187,"Get it Saturday, 10 June - Wednesday, 14 June",22,4.7,https://www.amazon.in/Answer-Questions-Five-Decks-Combo/dp/1586504606/ref=sr_1_34?keywords=toys+1+year+boy&qid=1684780548&sr=8-34,137,A-1586504606,1684815016771,,card decsks,,"ask, answer, wh questions",,
"girl,boy","2,8",toys,amazon,Bao Bao Learns Chinese Vol. 3 | Musical Chinese Board Book; Learn Chinese Nursery Rhymes for Kids; Bilingual Toy and Mandarin Chinese Book for Babies; Learning Chinese Gift,https://m.media-amazon.com/images/I/71whjVGybUL._AC_UL320_.jpg,$,24.99,Check Retailer site for delivery info,-1,5,https://www.amazon.com/Bao-Learns-Chinese-Bilingual-Mandarin/dp/1734208945/ref=sr_1_231?keywords=toys+2+year+girl&qid=1674805387&sr=8-231,68,A-1734208945,1681901155160,,musical board book,bao bao,"chinese nursery rhymes, mandarin chinese book",babies,
boy,3,toys,amazon-in,Disney Pixar Toy Story 4 The Ultimate Colouring Book (Mammoth Colouring),https://m.media-amazon.com/images/I/71ez01kQ1YL._AC_UL320_.jpg,₹,265,"Get it by Sunday, 28 May",5,4.7,https://www.amazon.in/Disney-Pixar-Ultimate-Colouring-Mammoth/dp/1789052459/ref=sr_1_69?keywords=toys+3+year+boy&qid=1684814306&sr=8-69,1033,A-1789052459,1684814473056,"disney pixar, toy story",colouring book,,"ultimate, mammoth",,
"boy,girl",7,toys,amazon,"Learning Resources Gears! Gears! Gears! 100-Piece Deluxe Building Set, STEM Construction Toy Set, 100 Pieces, Ages 3+",https://m.media-amazon.com/images/I/91+Jg2Bi6hL._AC_UL400_.jpg,$,30.99,Check Retailer site for delivery info,-1,4.8,https://www.amazon.com/Learning-Resources-Deluxe-Building-Pieces/dp/B00000DMCE/ref=sr_1_284?keywords=toys+7+year+boy&qid=1681898560&sr=8-284,4130,A-B00000DMCE,1681900997713,learning resources,building set,,stem construction toy,3+,
"boy,girl","10,8,9,6,7,5",toys,amazon,"ThinkFun Rush Hour Traffic Jam Brain Game and STEM Toy for Boys and Girls Age 8 and Up – Tons of Fun With Over 20 Awards Won, International seller for Over 20 Years",https://m.media-amazon.com/images/I/71DO6coFVEL._AC_UL320_.jpg,$,21.99,Check Retailer site for delivery info,-1,4.8,https://www.amazon.com/ThinkFun-Rush-Traffic-Logic-Girls/dp/B00000DMER/ref=sr_1_83?keywords=toys+10+year+boy&qid=1674127686&sr=8-83,8525,A-B00000DMER,1684414033470,thinkfun,"board games, brain teasers, stem toys",,"rush hour traffic jam, awards won, international seller, 20 years",age_8_up,"boys, girls"
boy,4,toys,amazon,"Gamewright Rat-A-Tat-Cat Multi-colored, 5""",https://m.media-amazon.com/images/I/812PiJddvtL._AC_UL320_.jpg,$,10.99,Check Retailer site for delivery info,-1,4.9,https://www.amazon.com/Gamewright-SS-GMW-204-Rat-A-Tat-Cat/dp/B00000GBQJ/ref=sr_1_114?keywords=toys+4+year+boy&qid=1675076397&sr=8-114,2804,A-B00000GBQJ,1675076505514,gamewright,card games,,"rat-a-tat-cat, 5""",,
girl,3,toys,amazon,PlanToys Wooden Classic Line of Dollhouse Furniture - Children's Bunk Bedroom Set (9502) | Sustainably Made from Rubberwood and Non-Toxic Paints and Dyes | PlanNatural Classic Wooden Toy Collection,https://m.media-amazon.com/images/I/61imc7PHMcL._AC_UL400_.jpg,$,25,Check Retailer site for delivery info,-1,5,https://www.amazon.com/PlanToys-Wooden-Classic-Dollhouse-Furniture/dp/B00000ITJV/ref=sr_1_284?keywords=toys+3+year+girl&qid=1681900051&sr=8-284,37,A-B00000ITJV,1681900133525,plantoys,"dollhouses, dollhouse furniture",,"children's bunk bedroom set, sustainably made, rubberwood, non-toxic paints, dyes, natural classic",,
boy,4,toys,amazon,Brio World 33351 - Viaduct Bridge - 3 Piece Wooden Toy Train Accessory for Kids Ages 3 and Up,https://m.media-amazon.com/images/I/81j60u8GjgL._AC_UL320_.jpg,$,21.99,Check Retailer site for delivery info,-1,4.9,https://www.amazon.com/BRIO-World-Viaduct-Bridge-Accessory/dp/B00000IUKQ/ref=sr_1_211?keywords=toys+4+year+boy&qid=1674804544&sr=8-211,253,A-B00000IUKQ,1675076537254,brio world,"train accessories, wooden toys",,"viaduct bridge, 3 pieces",age_3_up,
"boy,girl",5,toys,amazon-in,Galt Toys Marble Run Toy Set,https://m.media-amazon.com/images/I/81iBfYbi1GL._AC_UL320_.jpg,₹,4619,"Get it Thursday, 8 June - Monday, 12 June",20,4.6,https://www.amazon.in/Galt-Toys-Marble-Run-Toy/dp/B00000IVUJ/ref=sr_1_105?keywords=toys+5+year+boy&qid=1684815236&sr=8-105,3220,A-B00000IVUJ,1684821370783,galt toys,"marble runs, wooden toys",,marble run toy set,,
"boy,girl","1,2,3",toys,amazon-in,"Fisher-Price Plastic Original Rock-a-Stack - Classic stacking toy with 5 colorful rings to grasp, shake, and stack ( Multicolor ) (1 pieces)",https://m.media-amazon.com/images/I/61RbsqvCXbL._AC_UL400_.jpg,₹,219,"Get it by Today, 23 May",0,4.5,https://www.amazon.in/Fisher-Price-Brilliant-Basics-Rock-a-Stack-Multicolor/dp/B00000IZQP/ref=sr_1_67?keywords=toys+1+year+boy&qid=1684813155&sr=8-67,12840,A-B00000IZQP,1684820256826,fisher-price,stacking toys,,"plastic, original, rock-a-stack, classic, colorful, rings, grasp, shake, stack, multicolor, pieces",,
girl,7,toys,amazon,Melissa & Doug Abacus - Classic Wooden Educational Counting Toy With 100 Beads,https://m.media-amazon.com/images/I/816QOABcJUL._AC_UL400_.jpg,$,12.99,Check Retailer site for delivery info,-1,4.8,https://www.amazon.com/Melissa-Doug-Abacus-Educational-Counting/dp/B00005BVRQ/ref=sr_1_160?keywords=toys+7+year+girl&qid=1684413238&sr=8-160,16998,A-B00005BVRQ,1684413325098,melissa & doug,educational counting toy,,"abacus, wooden, 100, beads",,
"girl,boy","1,3,4,5",toys,amazon,The First Years Stack N Count Cups,https://m.media-amazon.com/images/I/714WWDJEueL._AC_UL320_.jpg,$,4.99,Check Retailer site for delivery info,-1,4.8,https://www.amazon.com/First-Years-Stack-Count-Cups/dp/B00005C5H4/ref=sr_1_169?keywords=toys+1+year+girl&qid=1674805235&sr=8-169,87535,A-B00005C5H4,1684411714001,the first years,stacking cups,,"stack, count, cups",,
boy,2,toys,amazon-in,"Melissa & Doug Take-Along Tool Kit Wooden Toy (Pretend Play, Sturdy Wooden Construction, Promotes Multiple Development Skills, 9.9"" H x 5.5"" W x 4.8"" L)",https://m.media-amazon.com/images/I/618qtrVmPCL._AC_UL400_.jpg,₹,4499,"Get it Monday, 19 June - Tuesday, 20 June",28,4.7,https://www.amazon.in/Melissa-Doug-Wooden-Along-Pieces/dp/B00005RF5D/ref=sr_1_85?keywords=toys+2+year+boy&qid=1684813859&sr=8-85,9003,A-B00005RF5D,1684814000895,melissa & doug,tool kit toy,,"take-along, wooden, pretend, play, sturdy construction, multiple, development, skills",,
"boy,girl","2,3,4,5,7,6",toys,amazon,Melissa & Doug Wooden Pizza Play Food Set With 36 Toppings - Pretend Food And Pizza Cutter/ Toy For Kids Ages 3+,https://m.media-amazon.com/images/I/71nM7BAPnDL._AC_UL320_.jpg,$,15.59,Check Retailer site for delivery info,-1,4.9,https://www.amazon.com/Melissa-Doug-Wooden-Pretend-Self-Sticking/dp/B0000658L4/ref=sr_1_6?keywords=toys+2+year+boy&qid=1674127423&sr=8-6,10514,A-B0000658L4,1684409829241,melissa & doug,pizza toy,,"wooden, play, food, set, 36, topping, pretend, food, pizza, cutter",,
"boy,girl",2,toys,amazon-in,"Melissa & Doug Stacking Train (Classic Wooden Toddler Toy, 18 Pieces)",https://m.media-amazon.com/images/I/61mm6si+doL._AC_UL400_.jpg,₹,5474.7,"Get it Monday, 19 June - Tuesday, 20 June",28,4.8,https://www.amazon.in/Melissa-and-Doug-Stacking-Train/dp/B0000658L5/ref=sr_1_49?keywords=toys+2+year+boy&qid=1684813859&sr=8-49,2428,A-B0000658L5,1684819631327,melissa & doug,"toddler toys, wooden toys, stacking toys",none,"classic wooden toddler toy, 18 pieces","3+, pre-school",none
"boy,girl","10,7,8,9,6,5",toys,amazon,Snap Circuits Classic SC-300 Electronics Exploration Kit | Over 300 Projects | Full Color Project Manual | Snap Circuits Parts | STEM Educational Toy for Kids 8+ 2.3 x 13.6 x 19.3 inches,https://m.media-amazon.com/images/I/91Hgl5CqLdL._AC_UL320_.jpg,$,44.99,Check Retailer site for delivery info,-1,4.8,https://www.amazon.com/Snap-Circuits-SC-300-Electronics-Exploration/dp/B0000683A4/ref=sr_1_82?keywords=toys+10+year+boy&qid=1674127686&sr=8-82,9941,A-B0000683A4,1684414040491,snap circuits,"electronics kits, stem educational toys, exploration kits",none,"over 300 projects, full color project manual, snap circuits parts",8+,none
"boy,girl","8,9,10,6,3,5",toys,amazon,"Melissa & Doug Pattern Blocks and Boards - Classic Toy With 120 Solid Wood Shapes and 5 Double-Sided Panels, Multi-colored - STEAM Toy, Wooden Pattern Blocks Animals, Tangrams Puzzle For Kids Ages 3+",https://m.media-amazon.com/images/I/71tn-Sx4yWL._AC_UL320_.jpg,$,15.99,Check Retailer site for delivery info,-1,4.8,https://www.amazon.com/Melissa-Doug-Pattern-Developmental-Double-Sided/dp/B00006JZCG/ref=sr_1_210?keywords=toys+8+year+boy&qid=1674804879&sr=8-210,8240,A-B00006JZCG,1684822125265,melissa & doug,"pattern blocks, wooden toys, steam toys",none,"120 solid wood shapes and 5 double sided panels, multi colored, tangrams puzzle","3+, pre-school",none
"boy,girl","10,6,7,8,9,3,4,5",toys,amazon,"Elenco Jr. SC-100 Electronics Exploration Kit, Over 100 Projects, Full Color Manual, 30 + Snap Circuits Parts, STEM Educational Toy for Kids 8 + , Black",https://m.media-amazon.com/images/I/91Uxvwr1clL._AC_UL320_.jpg,$,19.59,Check Retailer site for delivery info,-1,4.8,https://www.amazon.com/Snap-Circuits-SC-100-Electronics-Exploration/dp/B00008BFZH/ref=sr_1_71?keywords=toys+10+year+boy&qid=1674127686&sr=8-71,15316,A-B00008BFZH,1684413784587,elenco,"electronics kits, stem educational toys, exploration kits",none,"over 100 projects, full color manual, 30 + snap circuits parts",8+,none
"boy,girl","9,7,8,10,6",toys,amazon,Snap Circuits Pro SC-500 Electronics Exploration Kit | Over 500 Projects | Full Color Project Manual | 73 + Snap Circuits Parts | STEM Educational Toy for Kids 8 +,https://m.media-amazon.com/images/I/91vNjG1UGaL._AC_UL400_.jpg,$,81.69,Check Retailer site for delivery info,-1,4.8,https://www.amazon.com/Snap-Circuits-SC-500-Electronics-Exploration/dp/B00008W73Z/ref=sr_1_248?keywords=toys+9+year+boy&qid=1680775481&sr=8-248,4782,A-B00008W73Z,1684413555354,snap circuits,"electronics kits, stem educational toys, exploration kits",none,"over 500 projects, full color project manual, 73 + snap circuits parts",8+,none
girl,2,toys,amazon-in,Birthday Party Classic Wooden Toy,https://m.media-amazon.com/images/I/71E0Km6KbWL._AC_UL320_.jpg,₹,4804,"Get it Thursday, 15 June - Friday, 16 June",24,4.8,https://www.amazon.in/Melissa-Doug-Birthday-Party-Cake/dp/B000090W81/ref=sr_1_26?keywords=toys+2+year+girl&qid=1684819506&sr=8-26,5465,A-B000090W81,1684819589344,classic wooden toy,"birthday party, toys, puzzles, dolls, dollhouses, play sets, pretend play",,"birthday party, wooden toy, puzzles, dolls, dollhouses, play sets, pretend play",all age groups,
boy,4,toys,amazon,"Melissa & Doug Land of Dinosaurs Floor Puzzle (48 pcs, 4 feet long)",https://m.media-amazon.com/images/I/81fHjVjrM8L._AC_UL320_.jpg,$,12.99,Check Retailer site for delivery info,-1,4.9,https://www.amazon.com/Melissa-Doug-Dinosaurs-Floor-Puzzle/dp/B00009B1UI/ref=sr_1_104?keywords=toys+4+year+boy&qid=1675076397&sr=8-104,2875,A-B00009B1UI,1675076504468,melissa & doug,"toys, puzzles, play sets, pretend play",dinosaurs,"puzzles, dinosaurs, play sets, pretend play",all age groups,
"boy,girl",2,toys,amazon-in,Casdon Electronic Toy Stove,https://m.media-amazon.com/images/I/812QBAaZx0L._AC_UL320_.jpg,₹,14841,"Get it Monday, 19 June - Tuesday, 20 June",28,4.6,https://www.amazon.in/Casdon-Toys-Electronic-Toy-Stove/dp/B00009W9J3/ref=sr_1_237?keywords=toys+2+year+boy&qid=1684813878&sr=8-237,496,A-B00009W9J3,1684819880448,casdon,"electronic toys, pretend play",,"electronic toys, pretend play",all age groups,
"boy,girl","2,3,4,1",toys,amazon,Melissa & Doug Giant Giraffe - Lifelike Stuffed Animal (over 4 feet tall),https://m.media-amazon.com/images/I/71ZHcNumyJL._AC_UL320_.jpg,$,83.99,Check Retailer site for delivery info,-1,4.9,https://www.amazon.com/Melissa-Doug-Giant-Giraffe-Lifelike/dp/B00009YEGL/ref=sr_1_44?keywords=toys+2+year+boy&qid=1674127423&sr=8-44,6044,A-B00009YEGL,1684411647043,melissa & doug,"stuffed animals, large toys, play sets, pretend play",giraffe,"giraffe, large toys, play sets, pretend play",all age groups,
"girl,boy","1,3,4,6,7",toys,amazon,"Melissa & Doug Food Groups - 21 Wooden Pieces and 4 Crates, Multi - Play Food Sets For Kids Kitchen, Pretend Food, Toy Food For Toddlers And Kids Ages 3+",https://m.media-amazon.com/images/I/71i5CCFeApL._AC_UL320_.jpg,$,24.99,Check Retailer site for delivery info,-1,4.8,https://www.amazon.com/Melissa-Doug-Food-Groups-Hand-Painted/dp/B0000BX8MA/ref=sr_1_184?keywords=toys+1+year+girl&qid=1674805235&sr=8-184,33766,A-B0000BX8MA,1681900987207,melissa & doug,"toys, food sets, kitchen pretend sets, pretend play",,"toys, food sets, kitchen pretend sets, pretend play",3+,
boy,4,toys,amazon,BRIO World - 33204 Parking Garage | Railway Accessory with Toy Cars for Kids Age 3 and Up,https://m.media-amazon.com/images/I/81S5MEl0V6L._AC_UL320_.jpg,$,69.1,Check Retailer site for delivery info,-1,4.9,https://www.amazon.com/Brio-33204-BRIO-Parking-Garage/dp/B0001WGI0I/ref=sr_1_83?keywords=toys+4+year+boy&qid=1674127496&sr=8-83,1995,A-B0001WGI0I,1675076499355,"BRIO, World","Railway Accessories, Toy Cars",Parking Garage,"railway accessories, toy cars, kids 3+",3+,Unisex
"boy,girl",2,toys,amazon-in,"LEGO 2304 DUPLO Classic Large Green Building Plate, Toys for Preschool Kids",https://m.media-amazon.com/images/I/81wgv8mVkUL._AC_UL400_.jpg,₹,1962,"Get it by Saturday, 27 May",4,4.7,https://www.amazon.in/LEGO-DUPLO-Large-Building-2304/dp/B00027YG88/ref=sr_1_84?keywords=toys+2+year+boy&qid=1684813859&sr=8-84,8927,A-B00027YG88,1684819690036,"LEGO, DUPLO",Building Activity,Classic Large Green Building Plate,"building activity, preschool kids, 2-7",2-7,Unisex
boy,"2,4",toys,amazon,"Learning Resources Backyard Bugs Counters - 72 Pieces, Ages 3+ Counting and Sorting Toys for Toddlers, Preschool Learning Toys",https://m.media-amazon.com/images/I/712un4fcQiL._AC_UL320_.jpg,$,18.79,Check Retailer site for delivery info,-1,4.9,https://www.amazon.com/Learning-Resources-Backyard-Bugs-Counters/dp/B000296LPC/ref=sr_1_219?keywords=toys+2+year+boy&qid=1674804392&sr=8-219,821,A-B000296LPC,1680773801010,Learning Resources,"Learning Toys, Counting and Sorting Toys",Backyard Bugs Counters,"learning toys, counting & sorting toys, toddlers, preschool learning toys",3+,Unisex
boy,"7,8",toys,amazon,Snap Circuits Extreme SC-750 Electronics Exploration Kit Over 750 Projects Full Color Project Manual 80+ Snap Circuits Parts STEM Educational Toy For Kids 8+,https://m.media-amazon.com/images/I/91Nw1yU483L._AC_UL400_.jpg,$,73.94,Check Retailer site for delivery info,-1,4.8,https://www.amazon.com/Snap-Circuits-SC-750-Electronics-Exploration/dp/B0002AHQWS/ref=sr_1_243?keywords=toys+7+year+boy&qid=1680774458&sr=8-243,4782,A-B0002AHQWS,1680774881047,Snap Circuits,STEM Activity Kit,Extreme SC-750 Electronics Exploration Kit,"stem activity kit, electronics exploration kit, snap circuits parts, 8+",8+,Unisex
girl,5,toys,amazon-in,Galt Toys Inc First Sewing Kit,https://m.media-amazon.com/images/I/71C0a-j1XIL._AC_UL400_.jpg,₹,5600,"Get it Wednesday, 14 June - Thursday, 15 June",23,4.5,https://www.amazon.in/Galt-Toys-Inc-First-Sewing/dp/B0002X7XW8/ref=sr_1_156?keywords=toys+5+year+girl&qid=1684821170&sr=8-156,8405,A-B0002X7XW8,1684821443698,Galt Toys Inc,Sewing activity kit,First Sewing Kit,"sewing activity kit, sewing kit, 3+",3+,Unisex
"boy,girl",1,toys,amazon-in,Tomy Little Chirpers Sorting Eggs Learning Toy,https://m.media-amazon.com/images/I/71Uv-sUyn6L._AC_UL400_.jpg,₹,2399,"Get it by Sunday, 28 May",5,4.7,https://www.amazon.in/TOMY-Little-Chirpers-Sorting-Learning/dp/B00068Q7LC/ref=sr_1_14?keywords=toys+1+year+boy&qid=1684780548&sr=8-14,41700,A-B00068Q7LC,1684818947603,tomy,learning toys,little chirpers,"learning, eggs, sorting, kids","babies, toddlers, kids",
"boy,girl","1,4",toys,amazon,"Melissa & Doug Geometric Stacker - Wooden Educational Toy - Shape Sorter And Stacking Toy, Stacking Tower Toy For Babies, Toddlers And Kids Ages 2+",https://m.media-amazon.com/images/I/71F8vBAltJL._AC_UL320_.jpg,$,12.99,Check Retailer site for delivery info,-1,4.8,https://www.amazon.com/Melissa-Doug-Geometric-Stacker-Educational/dp/B0006IRTU0/ref=sr_1_57?keywords=toys+1+year+boy&qid=1674804310&sr=8-57,12496,A-B0006IRTU0,1681900357533,melissa & doug,"educational toys, shape sorters, stacking towers",,"wooden, stacking, shapes, kids","babies, toddlers, kids",
"boy,girl","5,6,3,2",toys,amazon,"Learning Resources Baby Bear Counters - 102 Pieces, Ages 3+ | Grades Pre-K+ Toddler Learning Toys, Counters for Kids, Math Games for Toddlers Gifts for Boys and Girls",https://m.media-amazon.com/images/I/71rpo2viJuL._AC_UL320_.jpg,$,12.79,Check Retailer site for delivery info,-1,4.9,https://www.amazon.com/Learning-Resources-Counters-Recognition-Assorted/dp/B0006PKZ7W/ref=sr_1_57?keywords=toys+5+year+boy&qid=1674127535&sr=8-57,2413,A-B0006PKZ7W,1684412759943,learning resources,counters,baby bear,"maths, games, toddlers, gifts",kids,
girl,"2,3",toys,amazon-in,"Orchard Toys Shopping List, Multi Color",https://m.media-amazon.com/images/I/81uwRmSSkrS._AC_UL320_.jpg,₹,4656,"Get it Monday, 19 June - Tuesday, 20 June",28,4.8,https://www.amazon.in/Orchard-Toys-Shopping-Multi-Color/dp/B0007VTA5S/ref=sr_1_16?keywords=toys+2+year+girl&qid=1684819506&sr=8-16,8831,A-B0007VTA5S,1684820084780,orchard toys,shopping list,,"shopping, list, multi color",,
"boy,girl","2,4,5",toys,amazon,BRIO World - 33683 Double Suspension Bridge | 5 Piece Toy Train Accessory for Kids Age 3 and Up,https://m.media-amazon.com/images/I/81ppBl3ytKL._AC_UL320_.jpg,$,24.99,Check Retailer site for delivery info,-1,4.9,https://www.amazon.com/Brio-33683-Double-Suspension-Bridge/dp/B0007W5S8U/ref=sr_1_205?keywords=toys+2+year+boy&qid=1674804392&sr=8-205,926,A-B0007W5S8U,1684411929776,brio world,double suspension bridge,,"train accessories, kids, toys",kids,
"boy,girl","4,5,1,2,3",toys,amazon,Melissa & Doug Giant Penguin - Lifelike Stuffed Animal (nearly 2 feet tall),https://m.media-amazon.com/images/I/81gjJQApvtL._AC_UL320_.jpg,$,37.99,Check Retailer site for delivery info,-1,4.9,https://www.amazon.com/Melissa-Doug-Wildlife-Beautiful-Markings/dp/B0007WJ2B4/ref=sr_1_85?keywords=toys+4+year+boy&qid=1674127496&sr=8-85,1835,A-B0007WJ2B4,1675078517007,Melissa & Doug,stuff animals,Penguin,"toy, stuffed animal, melissa & Doug, giant",,
"boy,girl","6,1,4,5,3",toys,amazon,"Melissa & Doug See & Spell Wooden Educational Toy With 8 Double-Sided Spelling Boards and 64 Letters - Preschool Learning Activities, See & Spell Learning Toys For Kids Ages 4+",https://m.media-amazon.com/images/I/81c7zp1qaxL._AC_UL320_.jpg,$,18.44,Check Retailer site for delivery info,-1,4.8,https://www.amazon.com/Melissa-Doug-Educational-Double-Sided-Spelling/dp/B0007Y4DLG/ref=sr_1_213?keywords=toys+6+year+boy&qid=1674804713&sr=8-213,14395,A-B0007Y4DLG,1684814367893,Melissa & Doug,learning toys,,"preschool learning activities, spelling boards, see & spell, wooden educational toy",4+,
"boy,girl",1,toys,amazon,Melissa & Doug Stack and Sort Board - Wooden Educational Toy With 15 Solid Wood Pieces,https://m.media-amazon.com/images/I/61kwdIFOw9L._AC_UL320_.jpg,$,8.97,Check Retailer site for delivery info,-1,4.8,https://www.amazon.com/Melissa-Doug-Stack-Sort-Board/dp/B000AS2AL4/ref=sr_1_70?keywords=toys+1+year+boy&qid=1674804310&sr=8-70,6064,A-B000AS2AL4,1681899566019,Melissa & Doug,educational toy,,"stack and sort board, solid wood pieces",,
"boy,girl","5,6,10,3,4,1",toys,amazon,Hot Wheels Set Of 10 1:64 Scale Toy Trucks And Cars For Kids And Collectors (Styles May Vary) [Amazon Exclusive],https://m.media-amazon.com/images/I/71bZw6n0DKL._AC_UL320_.jpg,$,13.99,Check Retailer site for delivery info,-1,4.8,https://www.amazon.com/Hot-Wheels-Styles-Amazon-Exclusive/dp/B000B6MKMO/ref=sr_1_240?keywords=toys+5+year+boy&qid=1674804629&sr=8-240,10377,A-B000B6MKMO,1684411726694,Hot Wheels,toy trucks & cars,,"1:64 Scale, Toy Trucks, Kids & Collectors, Amazon Exclusive",,
boy,2,toys,amazon-in,Fisher-Price Brilliant Basics Lil Snoopy Pull Along Toy (Colors May Vary),https://m.media-amazon.com/images/I/51d50aV0p3L._AC_UL400_.jpg,₹,2299,"Get it by Tuesday, 30 May",7,4.6,https://www.amazon.in/Fisher-Price-Brilliant-Basics-Snoopy-Colors/dp/B000BB56B6/ref=sr_1_181?keywords=toys+2+year+boy&qid=1684813873&sr=8-181,6790,A-B000BB56B6,1684814085015,Fisher-Price,pull along toys,Lil Snoopy,"brilliant basics, colors may vary",,
girl,"2,3",toys,amazon,"GUND Sesame Street Official Ernie Muppet Plush, Premium Plush Toy for Ages 1 & Up, Yellow, 13.5”",https://m.media-amazon.com/images/I/81Y+UrdsKpL._AC_UL400_.jpg,$,19,Check Retailer site for delivery info,-1,4.9,https://www.amazon.com/Gund-Sesame-Street-Ernie-Plush/dp/B000BGT6LW/ref=sr_1_152?keywords=toys+2+year+girl&qid=1681899640&sr=8-152,1671,A-B000BGT6LW,1681900090051,"Gund, Sesame Street, Muppet",Plush toys,Ernie,"plush, yellow, 13.5”",1+,Unisex
girl,1,toys,amazon,Manhattan Toy Winkel Rattle & Sensory Teether Toy,https://m.media-amazon.com/images/I/71tjzN4QkCL._AC_UL320_.jpg,$,9.99,Check Retailer site for delivery info,-1,4.8,https://www.amazon.com/Manhattan-Toy-Winkel-Sensory-Teether/dp/B000BNCA4K/ref=sr_1_172?keywords=toys+1+year+girl&qid=1674805235&sr=8-172,33970,A-B000BNCA4K,1684411719297,Manhattan Toy,"rattle, sensory teether",,"sensory, teether, rattle",3+,Unisex
boy,6,toys,amazon,Douglas Waddles Emperor Penguin Plush Stuffed Animal,https://m.media-amazon.com/images/I/61xeqtWiNzL._AC_UL320_.jpg,$,18.28,Check Retailer site for delivery info,-1,4.9,https://www.amazon.com/Douglas-Cuddle-Toys-Waddles-Penguin/dp/B000BQX3HK/ref=sr_1_169?keywords=toys+6+year+boy&qid=1674804707&sr=8-169,138,A-B000BQX3HK,1675076916398,Douglas,plush toys,Waddles Emperor Penguin,"plush, penguin, stuffed animal",3+,Unisex
girl,10,toys,amazon,Douglas Kirby Tri-Color Corgi Dog Plush Stuffed Animal,https://m.media-amazon.com/images/I/51iKHfr0y8L._AC_UL320_.jpg,$,28.28,Check Retailer site for delivery info,-1,4.9,https://www.amazon.com/Cuddle-Toys-2014-Kirby-Tri-Corgi/dp/B000BRSMMK/ref=sr_1_94?keywords=toys+10+year+girl&qid=1674128065&sr=8-94,559,A-B000BRSMMK,1675079570687,Douglas,plush toys,Kirby Tri-Color Corgi Dog,"plush, corgi, stuffed animal",3+,Unisex
"boy,girl","1,2,3,4,5,6,7",toys,amazon,"Magna-Tiles 32-Piece Clear Colors Set, The Original Magnetic Building Tiles For Creative Open-Ended Play, Educational Toys For Children Ages 3 Years +",https://m.media-amazon.com/images/I/81sRGAfnvGL._AC_UL320_.jpg,$,49.97,Check Retailer site for delivery info,-1,4.9,https://www.amazon.com/Magna-Tiles-32-Piece-Award-Winning-Creativity-Educational/dp/B000CBSNKQ/ref=sr_1_3?keywords=toys+1+year+boy&qid=1674127380&sr=8-3,11091,A-B000CBSNKQ,1684819567439,Magna-Tiles,building tiles,,"magnetic, building, tiles",3+,Unisex
"boy,girl","2,3,4,5,6",toys,amazon,"Magna-Tiles 100-Piece Clear Colors Set, The Original Magnetic Building Tiles For Creative Open-Ended Play, Educational Toys For Children Ages 3 Years +",https://m.media-amazon.com/images/I/81e64cZ4vHL._AC_UL320_.jpg,$,114.85,Check Retailer site for delivery info,-1,4.9,https://www.amazon.com/Magna-Tiles-100-Piece-Clear-Colors-Award-Winning/dp/B000CBSNRY/ref=sr_1_20?keywords=toys+2+year+boy&qid=1674127423&sr=8-20,9886,A-B000CBSNRY,1684820622165,Magna-Tiles,"Building Blocks, Magnetic Toys",,"Magnetic Building Tiles, Creative Open-Ended Play, Educational Toys, Magnetic Toys",3 Years +,
boy,4,toys,amazon,Melissa & Doug Construction Vehicles Wooden Chunky Puzzle (6 pcs),https://m.media-amazon.com/images/I/71YW12kdpoL._AC_UL320_.jpg,$,12.99,Check Retailer site for delivery info,-1,4.9,https://www.amazon.com/Melissa-Doug-Construction-Vehicles-Wooden/dp/B000E9BZ42/ref=sr_1_120?keywords=toys+4+year+boy&qid=1675076397&sr=8-120,2703,A-B000E9BZ42,1675076506968,Melissa & Doug,"Wooden Puzzles, Farm Animals",,"Wooden Chunky Puzzle, Construction Vehicles Toys, FSC-Certified Materials",2+,
"boy,girl","1,2,4",toys,amazon,"Melissa & Doug Farm Wooden Chunky Puzzle (8 pcs) - Farm Animal Toys For Kids, Wooden Puzzles For Toddlers Ages 2+ - FSC-Certified Materials",https://m.media-amazon.com/images/I/818XauHiraL._AC_UL320_.jpg,$,11.11,Check Retailer site for delivery info,-1,4.9,https://www.amazon.com/Melissa-Doug-Preschool-Full-Color-Pictures/dp/B000E9DPCW/ref=sr_1_17?keywords=toys+1+year+boy&qid=1674127380&sr=8-17,6551,A-B000E9DPCW,1684411645868,Melissa & Doug,"Wooden Puzzles, Farm Animals",,"Wooden Chunky Puzzle, Farm Animal Toys, FSC-Certified Materials",2+,
boy,"9,8",toys,amazon,"Wild Republic Jumbo Wolf Plush, Giant Stuffed Animal, Plush Toy, Gifts for Kids, 30 Inches",https://m.media-amazon.com/images/I/51a4xfoYlZL._AC_UL320_.jpg,$,69,Check Retailer site for delivery info,-1,4.8,https://www.amazon.com/Wild-Republic-Stuffed-Animal-Inches/dp/B000EXRSI0/ref=sr_1_248?keywords=toys+9+year+boy&qid=1674804983&sr=8-248,5260,A-B000EXRSI0,1680775574858,Wild Republic,"Stuffed Animals, Plush Toys",Jumbo Wolf,"Giant Stuffed Animal, Plush Toy, Gifts for Kids, 30 Inches",,
boy,2,toys,amazon,"GUND Sesame Street Official Bert Muppet Plush, Premium Plush Toy for Ages 1 & Up, Yellow, 14”",https://m.media-amazon.com/images/I/81pDsswiVPL._AC_UL320_.jpg,$,19,Check Retailer site for delivery info,-1,4.9,https://www.amazon.com/GUND-Sesame-Street-Bert-Plush/dp/B000F1QK9O/ref=sr_1_163?keywords=toys+2+year+boy&qid=1674804376&sr=8-163,1463,A-B000F1QK9O,1681897207838,GUND,"Stuffed Animals, Plush Toys",Bert Muppet,"Premium Plush Toy, Sesame Street Official, Yellow, 14”",1 & Up,
girl,8,toys,amazon,"Joovy Toy Car Seat, Doll Accessory, Doll Furniture, Pink Dot",https://m.media-amazon.com/images/I/51meFAwcmeL._AC_UL320_.jpg,$,49.99,Check Retailer site for delivery info,-1,4.8,https://www.amazon.com/Joovy-Seat-Accessory-Furniture-x11-7/dp/B000F5YYDE/ref=sr_1_305?keywords=toys+8+year+girl&qid=1675079188&sr=8-305,3722,A-B000F5YYDE,1675079312608,joovy,"doll furniture, doll accessory",,"pink dot, toy car seat",,
girl,"5,2,3",toys,amazon,"Learning Resources Three Bear Family Counters - 96 Pieces. Ages 3+ Preschool Learning Toys, Counting Toys for Toddler, Social Emotional Learning Toys, Therapy Tool",https://m.media-amazon.com/images/I/81j5oDYNtSL._AC_UL320_.jpg,$,24.99,Check Retailer site for delivery info,-1,4.9,https://www.amazon.com/Learning-Resources-LER0744-Counter-Rainbow/dp/B000F8XF86/ref=sr_1_72?keywords=toys+5+year+girl&qid=1674127912&sr=8-72,2012,A-B000F8XF86,1675078360510,learning resources,"preschool learning toys, counting toys, toddler toys, social emotional learning toys, therapy tool",,"three bear family, counters",,
boy,"5,6",toys,amazon,Douglas Spankie Yellow Lab Dog Plush Stuffed Animal,https://m.media-amazon.com/images/I/51j+vB1P6HL._AC_UL320_.jpg,$,18.95,Check Retailer site for delivery info,-1,4.9,https://www.amazon.com/Cuddle-Toys-1882-Spankie-Lab/dp/B000FBNTJ8/ref=sr_1_213?keywords=toys+5+year+boy&qid=1674804629&sr=8-213,133,A-B000FBNTJ8,1684410093322,douglas,,spankie,"yellow lab dog, plush, stuffed animal",,
boy,2,toys,amazon-in,Step2 Real Projects Toy Workshop With Tools,https://m.media-amazon.com/images/I/61M2IZKgQXL._AC_UL320_.jpg,₹,26345.4,"Get it Monday, 19 June - Tuesday, 20 June",28,4.6,https://www.amazon.in/Step-2-Real-Projects-Workshop/dp/B000FHQJLW/ref=sr_1_227?keywords=toys+2+year+boy&qid=1684813878&sr=8-227,891,A-B000FHQJLW,1684814133134,step2,"toy workshop, tools",,real projects,,
"boy,girl","7,8,9,1,2,3,4,5,6",toys,amazon,"GUND Jirra Kangaroo with Removable Joey Plush, Stuffed Animal for Ages 1 and Up, Brown, 10”",https://m.media-amazon.com/images/I/71YkSDz2c3L._AC_UL320_.jpg,$,21.63,Check Retailer site for delivery info,-1,4.9,https://www.amazon.com/GUND-Jirra-Kangaroo-Stuffed-Animal/dp/B000FLJQFE/ref=sr_1_70?keywords=toys+7+year+boy&qid=1674127597&sr=8-70,1525,A-B000FLJQFE,1684413034788,gund,,jirra,"kangaroo, removable joey, plush, stuffed animal, 10""",,
"girl,boy",1,toys,amazon,"Bright Starts Baby Rattle & BPA-Free Teether Toy, Ages 3 Months+",https://m.media-amazon.com/images/I/71dzmSNXB5L._AC_UL320_.jpg,$,2.98,Check Retailer site for delivery info,-1,4.8,https://www.amazon.com/Bright-Starts-Rattle-BPA-Free-Teether/dp/B000FMQWS2/ref=sr_1_213?keywords=toys+1+year+girl&qid=1674805252&sr=8-213,14693,A-B000FMQWS2,1681899530918,bright starts,"rattles, teethers, baby toys",,"bpa-free, teether toy, baby rattle","3 months+, baby",
"girl,boy","10,8",toys,amazon,"Melissa & Doug Sushi Slicing Wooden Play Food Set - Pretend Play Kitchen Toys, Wooden Sushi Food For Play, Pretend Sushi For Kids Ages 3+",https://m.media-amazon.com/images/I/71ugTfyBu3L._AC_UL320_.jpg,$,29.99,Check Retailer site for delivery info,-1,4.8,https://www.amazon.com/Melissa-Doug-Sushi-Slicing-Wooden/dp/B000FQ9IG6/ref=sr_1_240?keywords=toys+10+year+girl&qid=1674806437&sr=8-240,3153,A-B000FQ9IG6,1684413569790,melissa & Doug,"play food, pretend play, wooden toys, kitchen toys",,"sushi slicing, wooden play food, pretend sushi","3+, kids, toddlers",
girl,2,toys,amazon,Douglas Wolfgang German Pointer Dog Plush Stuffed Animal,https://m.media-amazon.com/images/I/61zAsSakziL._AC_UL400_.jpg,$,28.95,Check Retailer site for delivery info,-1,4.9,https://www.amazon.com/Douglas-2037-Wolfgang-Pointer/dp/B000FX5XEU/ref=sr_1_284?keywords=toys+2+year+girl&qid=1681899655&sr=8-284,255,A-B000FX5XEU,1681899806912,douglas,"plush stuffed animals, stuffed animals","wolfgang, german pointer dog","pointer dog plush, stuffed animal",,
boy,6,toys,amazon,"Melissa & Doug Cutting Food - Play Set With 25+ Hand-Painted Wooden Pieces, Knife, and Cutting Board - Pretend Play Kitchen Fruit Toys For Toddlers And Kids Ages 3+",https://m.media-amazon.com/images/I/61ZKZ65e5aL._AC_UL320_.jpg,$,18.99,Check Retailer site for delivery info,-1,4.8,https://www.amazon.com/Melissa-Doug-Cutting-Self-Stick-Construction/dp/B000GKD09C/ref=sr_1_287?keywords=toys+6+year+boy&qid=1680774232&sr=8-287,5222,A-B000GKD09C,1680774390024,melissa & Doug,"play food, pretend play, wooden toys, kitchen toys",,"cutting food, play set, hand-painted wooden pieces, knife, cutting board","3+, kids, toddlers",
"boy,girl",2,toys,amazon-in,Melissa and Doug Deluxe Chomp and Clack Alligator Push Toy,https://m.media-amazon.com/images/I/717+YBhCPpL._AC_UL320_.jpg,₹,12483.45,"Get it Monday, 19 June - Tuesday, 20 June",28,4.6,https://www.amazon.in/Melissa-Doug-Deluxe-Chomp-Alligator/dp/B000GZGE3Q/ref=sr_1_197?keywords=toys+2+year+boy&qid=1684813878&sr=8-197,2457,A-B000GZGE3Q,1684819832919,melissa and Doug,"push toys, wooden toys",,"alligator push toy, chomp and clack","3+, kids, toddlers",
"boy,girl","3,9,7",toys,amazon,"Joovy Toy Booster Seat, Doll Accesory, Multi-doll Design, Blue Dot",https://m.media-amazon.com/images/I/719dTPy0suL._AC_UL320_.jpg,$,59.99,Check Retailer site for delivery info,-1,4.9,https://www.amazon.com/Joovy-Doll-Toy-Booster-Seat/dp/B000H1V6KA/ref=sr_1_192?keywords=toys+3+year+boy&qid=1674804457&sr=8-192,489,A-B000H1V6KA,1675079430217,joovy,"baby toys, booster seats, doll accessories",,"toy booster seat, multi-doll, blue dot","0-3 years, 3-6 years, 6-9 years, 9-12 years",
"boy,girl",5,toys,amazon-in,"Majorette Creatix Porsche Experience Center Including 5 Porche Cars with 4 Parking Space | Gift Set for Car or Toy Lover Girls, Boys, Kids Aged 5+ Years",https://m.media-amazon.com/images/I/81lLgx0v08L._AC_UL320_.jpg,₹,4949,"Get it by Wednesday, 31 May",8,4.6,https://www.amazon.in/Majorette-Creatix-Porsche-Experience-Including/dp/B000I1VKQO/ref=sr_1_152?keywords=toys+5+year+boy&qid=1684815249&sr=8-152,69,A-B000I1VKQO,1684821442970,"majorette, porsche","vehicle play sets, car toys, die-cast toys",,"porsche experience center, parking space, car or toy lover","5-7 years, 7-9 years","girls, boys"
"boy,girl","1,2",toys,amazon,"Tomy Lamaze Mortimer The Moose, Clip On Toy",https://m.media-amazon.com/images/I/71kHGL5ph6L._AC_UL320_.jpg,$,14.59,Check Retailer site for delivery info,-1,4.9,https://www.amazon.com/LAMAZE-L27014A1-Lamaze-Mortimer-Moose/dp/B000I2MRLU/ref=sr_1_7?keywords=toys+1+year+boy&qid=1674127380&sr=8-7,18969,A-B000I2MRLU,1684411639563,"tomy, lamaze","toddler toys, rattles & teethers, clip-on toys",mortimer the moose,"clip-on toy, mortimer moose","0-3 years, 3-6 years",
"boy,girl",2,toys,amazon,"Lamaze Freddie The Firefly, Clip-On Stroller Toy",https://m.media-amazon.com/images/I/71MbkoRhqKL._AC_UL320_.jpg,$,16.59,Check Retailer site for delivery info,-1,4.9,https://www.amazon.com/LAMAZE-L27024A-Lamaze-Freddie-Firefly/dp/B000I2Q0F4/ref=sr_1_20?keywords=toys+2+year+boy&qid=1681897051&sr=8-20,42642,A-B000I2Q0F4,1681899726297,lamaze,"toddler toys, stroller & car seat toys, clip-on toys",freddie the firefly,"clip-on toy, stroller toy, freddie firefly","0-3 years, 3-6 years",
"boy,girl","5,1",toys,amazon,"Melissa & Doug Classic Wooden Peg Puzzles (Set of 3) - Numbers, Alphabet, and Colors - Toddler Learning Toys, Alphabet And Numbers Puzzles For Kids Ages 3+",https://m.media-amazon.com/images/I/81pXAFcFGKL._AC_UL320_.jpg,$,17.99,Check Retailer site for delivery info,-1,4.8,https://www.amazon.com/Melissa-Doug-Classic-Wooden-Puzzles/dp/B000KWJSKG/ref=sr_1_266?keywords=toys+5+year+boy&qid=1675076638&sr=8-266,7088,A-B000KWJSKG,1681899559445,melissa & doug,"wooden puzzles, alphabet puzzles, numbers puzzles",,"classic wooden peg puzzles, alphabet puzzles, numbers puzzles, learning toys","3-6 years, 6-9 years, 9-12 years",
girl,"2,3",toys,amazon-in,"Orchard Toys Crazy Chefs, Multi Color (017)",https://m.media-amazon.com/images/I/81StEZ2LB-S._AC_UL400_.jpg,₹,5789,"Get it Thursday, 8 June - Friday, 9 June",17,4.7,https://www.amazon.in/Orchard-Toys-Crazy-Chefs-Multi/dp/B000MLYPB2/ref=sr_1_99?keywords=toys+2+year+girl&qid=1684819522&sr=8-99,1785,A-B000MLYPB2,1684820153401,Orchard Toys,Educational Toys,Crazy Chefs,"children play, fun learning, skill development ",3 Years +,Unisex
"girl,boy","1,3,5,4,7",toys,amazon,"Melissa & Doug Cutting Fruit Set - Wooden Play Food Kitchen Accessory, Multi - Pretend Play Accessories, Wooden Cutting Fruit Toys For Toddlers And Kids Ages 3+",https://m.media-amazon.com/images/I/71cjQooDJbL._AC_UL320_.jpg,$,14.69,Check Retailer site for delivery info,-1,4.8,https://www.amazon.com/Melissa-Doug-Attractive-Introduces-Concepts/dp/B000NV9G88/ref=sr_1_231?keywords=toys+1+year+girl&qid=1674805252&sr=8-231,8965,A-B000NV9G88,1684413333069,Melissa & Doug,Play Food,Fruit,"cutting food, pretend play, kitchen accessory",3 Years +,Unisex
"boy,girl","1,5,2",toys,amazon-in,"Funskool Giggles - Stacking Drums, Multicolour stacking Blocks with Animals, Helps to Sort,Stack and Nest, 12 months & above, Infant and Preschool Toys",https://m.media-amazon.com/images/I/71cq1+qfJNL._AC_UL400_.jpg,₹,169,"Get it by Today, 23 May",0,4.5,https://www.amazon.in/Funskool-2881071400-Giggles-Stacking-Drums/dp/B000OIGLOM/ref=sr_1_76?keywords=toys+1+year+boy&qid=1684813155&sr=8-76,2872,A-B000OIGLOM,1684821470854,Funskool,Stacking Blocks,Giggles,"stacking learning, sort & stack, infant toys",12 Months & Above,Unisex
"girl,boy","7,3,5,4",toys,amazon,The Learning Journey: Match It! - Spelling - 20 Piece Self-Correcting Spelling Puzzle for Three and Four Letter Words with Matching Images - Learning Toys for 4 Year Olds - Award Winning Toys,https://m.media-amazon.com/images/I/71PP6clGHgL._AC_UL320_.jpg,$,10.99,Check Retailer site for delivery info,-1,4.8,https://www.amazon.com/Learning-Journey-Spelling-Self-Correcting-Matching/dp/B000P9WBLM/ref=sr_1_189?keywords=toys+7+year+girl&qid=1674806027&sr=8-189,12042,A-B000P9WBLM,1684412833534,The Learning Journey,Puzzle,Spelling,"self-correcting spelling, preschool learning, toddler toys",4 Years +,Unisex
boy,"7,8,2,3,5,4",toys,amazon,"Learning Resources Link 'N' Learn Links - 500 Pieces, Ages 3+ Preschool Learning Supplies, Toddler Learning Toys",https://m.media-amazon.com/images/I/619Tt67LJ4L._AC_UL320_.jpg,$,15.22,Check Retailer site for delivery info,-1,4.9,https://www.amazon.com/Learning-Resources-Learn-Links-Bucket/dp/B000QDTWF0/ref=sr_1_85?keywords=toys+7+year+boy&qid=1674127597&sr=8-85,1164,A-B000QDTWF0,1684410854359,Learning Resources,Links,Links,"Link 'N' Learn, learning supplies, learning toys",3 Years +,Unisex
"boy,girl","5,8",toys,amazon,The Learning Journey: Match It! - Counting - 30 Piece Self-Correcting Number & Learn to Count Puzzle - Preschool Learning Toys - Award Winning Toys,https://m.media-amazon.com/images/I/81YU8Un4akL._AC_UL400_.jpg,$,10.99,Check Retailer site for delivery info,-1,4.8,https://www.amazon.com/Learning-Journey-Counting-Self-Correcting-Number/dp/B000R9266A/ref=sr_1_243?keywords=toys+5+year+boy&qid=1681898046&sr=8-243,7353,A-B000R9266A,1684413543472,the learning journey,"puzzles, preschool learning toy",,"math, counting, self-correcting number, learn to count","toddlers, kids",
"boy,girl","8,1,3",toys,amazon,"KIDS PREFERRED of Eric Carle, The Very Hungry Caterpillar Stuffed Animal Plush - 12 Inches Multicolor",https://m.media-amazon.com/images/I/71pRmeS9RiL._AC_UL320_.jpg,$,21.99,Check Retailer site for delivery info,-1,4.9,https://www.amazon.com/World-Carle-Hungry-Caterpillar-Plush/dp/B000UEI12K/ref=sr_1_52?keywords=toys+8+year+boy&qid=1674127623&sr=8-52,2244,A-B000UEI12K,1681899510287,"kids preferred, eric carle",stuffed animal plush,the very hungry caterpillar,"soft toy, stuffed animal","toddlers, kids",
boy,7,toys,amazon,"TOMY John Deere Durable Construction Vehicles Toy for Kids, Big Scoop Dump Truck, 21 Inch",https://m.media-amazon.com/images/I/81R3A90l4iS._AC_UL320_.jpg,$,69.95,Check Retailer site for delivery info,-1,4.8,https://www.amazon.com/John-Deere-Scoop-Dump-Truck/dp/B000UZI26E/ref=sr_1_304?keywords=toys+7+year+boy&qid=1675077035&sr=8-304,471,A-B000UZI26E,1675077170941,"tomy, john deere",construction vehicles,,"trucks, diggers, dump truck","toddlers, kids",
"girl,boy",1,toys,amazon,The First Years First Keys Infant and Baby Toy,https://m.media-amazon.com/images/I/51G8oKGDD+L._AC_UL320_.jpg,$,5.11,Check Retailer site for delivery info,-1,4.8,https://www.amazon.com/First-Years-Learning-Curve-Teether/dp/B000V2Y5BW/ref=sr_1_232?keywords=toys+1+year+girl&qid=1674805252&sr=8-232,8749,A-B000V2Y5BW,1681899556189,the first years,infant & baby toys,,"first keys, baby toy",infants,
"girl,boy","1,3,4,5",toys,amazon,Munchkin 36 Bath Letters and Numbers Toddler Bath Toy,https://m.media-amazon.com/images/I/81lDyUxC7KL._AC_UL320_.jpg,$,5.95,Check Retailer site for delivery info,-1,4.8,https://www.amazon.com/Munchkin-Letters-Numbers-Bath-Count/dp/B000V98HCI/ref=sr_1_176?keywords=toys+1+year+girl&qid=1674805235&sr=8-176,16841,A-B000V98HCI,1684411723792,munchkin,bath toy,,"bath letters, numbers, bath toy","toddlers, kids",
"boy,girl",10,toys,amazon,Munchkin Caterpillar Spillers Stacking and Straining Cups Baby and Toddler Bath Toy,https://m.media-amazon.com/images/I/81FbY-GKOQL._AC_UL320_.jpg,$,5.29,Check Retailer site for delivery info,-1,4.8,https://www.amazon.com/Munchkin-Caterpillar-Spillers-Stacking-Straining/dp/B000V9A2S0/ref=sr_1_223?keywords=toys+10+year+boy&qid=1674805078&sr=8-223,3788,A-B000V9A2S0,1684414053550,"munchkin,caterpillar","bath toys,baby toys,stacking toys,straining toys",,"munchkin,caterpillar,bath toy,baby toy,stacking toy,straining toy","infant,toddler",
"girl,boy","1,7,3,6",toys,amazon,"Melissa & Doug Toy Shopping Cart With Sturdy Metal Frame - Toddler Shopping Cart, Pretend Grocery Cart, Supermarket Pretend Play Shopping Cart For Kids Ages 3+",https://m.media-amazon.com/images/I/71HhPBwMYPL._AC_UL320_.jpg,$,71.99,Check Retailer site for delivery info,-1,4.8,https://www.amazon.com/Melissa-Doug-Shopping-Sturdy-Metal/dp/B000VO3GPG/ref=sr_1_236?keywords=toys+1+year+girl&qid=1674805252&sr=8-236,8733,A-B000VO3GPG,1681900768265,melissa & doug,"shopping cart toys,toddler toys,pretend toys,supermarket toys,play toys",,"melissa & doug,shopping cart toy,toddler toy,pretend toy,supermarket toy,play toy","toddler,preschool",
"boy,girl",5,toys,amazon-in,Pressman Toys Giant Pick Up Sticks 9 3/4 long,https://m.media-amazon.com/images/I/71lnSA4j5tL._AC_UL320_.jpg,₹,2046,"Get it Monday, 5 June - Thursday, 8 June",16,4.5,https://www.amazon.in/Pressman-Toys-Giant-Pick-Sticks/dp/B000VRE5G2/ref=sr_1_161?keywords=toys+5+year+boy&qid=1684815249&sr=8-161,3199,A-B000VRE5G2,1684821465022,pressman toys,"pick-up sticks,giant toys,sticking toys",,"pressman toys,pick-up stick,giant toy,sticking toy",,
girl,3,toys,amazon,"Bigjigs Rail, Double Tunnel, Wooden Toys, Train Set, Train Tunnel, Wooden Train Track Accessories, Bigjigs Accessories, Train Toys, Train Tunnel for Kids",https://m.media-amazon.com/images/I/61Yy1r6gPBL._AC_UL400_.jpg,$,19.4,Check Retailer site for delivery info,-1,4.9,https://www.amazon.com/Bigjigs-Rail-Double-Tunnel-Compatible/dp/B000YBL7MK/ref=sr_1_275?keywords=toys+3+year+girl&qid=1681900051&sr=8-275,83,A-B000YBL7MK,1681900128921,bigjigs rail,"double tunnel toys,wooden toys,train set,train tunnel,wooden train track toys,train toys",,"bigjigs rail,double tunnel toy,wooden toy,train set,train tunnel,wooden train track toy,train toy","preschool,older_kids",
"girl,boy","1,3,4",toys,amazon,"Baby Einstein Take Along Tunes Musical Toy, Ages 3 months +",https://m.media-amazon.com/images/I/81s+p-98uyL._AC_UL320_.jpg,$,9.99,Check Retailer site for delivery info,-1,4.8,https://www.amazon.com/Baby-Einstein-Along-Tunes-Musical/dp/B000YDDF6O/ref=sr_1_170?keywords=toys+1+year+girl&qid=1674805235&sr=8-170,49990,A-B000YDDF6O,1684411719695,baby einstein,"musical toys,take along toys,babies toys",,"baby einstein,musical toy,take along toy,babies toy","infant,toddler",
"girl,boy","1,3",toys,amazon,"Munchkin Ocean Squirts Baby Bath Toy, 8 pack",https://m.media-amazon.com/images/I/813lfNlGTNL._AC_UL320_.jpg,$,10.49,Check Retailer site for delivery info,-1,4.8,https://www.amazon.com/Munchkin-Ocean-Squirts-Bath-pack/dp/B0010SGZEG/ref=sr_1_181?keywords=toys+1+year+girl&qid=1674805235&sr=8-181,15418,A-B0010SGZEG,1684411727523,munchkin,"bath toys, baby toys",ocean squirts,"bath toy, baby bath, 8 pack",baby,
